<?xml version="1.0" encoding="UTF-8" ?>
<!DOCTYPE mapper PUBLIC "-//mybatis.org//DTD Mapper 3.0//EN" "http://mybatis.org/dtd/mybatis-3-mapper.dtd" >
<mapper namespace="com.zhentou.mybatis.mapper.OperatorMapper" >
  <resultMap id="BaseResultMap" type="com.zhentou.mybatis.pojo.Operator" >
    <id column="OP_NUM" property="opNum" jdbcType="INTEGER" />
    <result column="OP_NAME" property="opName" jdbcType="VARCHAR" />
    <result column="OP_PASSWORD" property="opPassword" jdbcType="VARCHAR" />
    <result column="OP_STATUS" property="opStatus" jdbcType="CHAR" />
  </resultMap>
  <sql id="Example_Where_Clause" >
    <!--
      WARNING - @mbggenerated
      This element is automatically generated by MyBatis Generator, do not modify.
      This element was generated on Sun Jun 26 14:03:07 CST 2022.
    -->
    <where >
      <foreach collection="oredCriteria" item="criteria" separator="or" >
        <if test="criteria.valid" >
          <trim prefix="(" suffix=")" prefixOverrides="and" >
            <foreach collection="criteria.criteria" item="criterion" >
              <choose >
                <when test="criterion.noValue" >
                  and ${criterion.condition}
                </when>
                <when test="criterion.singleValue" >
                  and ${criterion.condition} #{criterion.value}
                </when>
                <when test="criterion.betweenValue" >
                  and ${criterion.condition} #{criterion.value} and #{criterion.secondValue}
                </when>
                <when test="criterion.listValue" >
                  and ${criterion.condition}
                  <foreach collection="criterion.value" item="listItem" open="(" close=")" separator="," >
                    #{listItem}
                  </foreach>
                </when>
              </choose>
            </foreach>
          </trim>
        </if>
      </foreach>
    </where>
  </sql>
  <sql id="Update_By_Example_Where_Clause" >
    <!--
      WARNING - @mbggenerated
      This element is automatically generated by MyBatis Generator, do not modify.
      This element was generated on Sun Jun 26 14:03:07 CST 2022.
    -->
    <where >
      <foreach collection="example.oredCriteria" item="criteria" separator="or" >
        <if test="criteria.valid" >
          <trim prefix="(" suffix=")" prefixOverrides="and" >
            <foreach collection="criteria.criteria" item="criterion" >
              <choose >
                <when test="criterion.noValue" >
                  and ${criterion.condition}
                </when>
                <when test="criterion.singleValue" >
                  and ${criterion.condition} #{criterion.value}
                </when>
                <when test="criterion.betweenValue" >
                  and ${criterion.condition} #{criterion.value} and #{criterion.secondValue}
                </when>
                <when test="criterion.listValue" >
                  and ${criterion.condition}
                  <foreach collection="criterion.value" item="listItem" open="(" close=")" separator="," >
                    #{listItem}
                  </foreach>
                </when>
              </choose>
            </foreach>
          </trim>
        </if>
      </foreach>
    </where>
  </sql>
  <sql id="Base_Column_List" >
    <!--
      WARNING - @mbggenerated
      This element is automatically generated by MyBatis Generator, do not modify.
      This element was generated on Sun Jun 26 14:03:07 CST 2022.
    -->
    OP_NUM, OP_NAME, OP_PASSWORD, OP_STATUS
  </sql>
  <select id="selectByExample" resultMap="BaseResultMap" parameterType="com.zhentou.mybatis.pojo.OperatorExample" >
    <!--
      WARNING - @mbggenerated
      This element is automatically generated by MyBatis Generator, do not modify.
      This element was generated on Sun Jun 26 14:03:07 CST 2022.
    -->
    select
    <if test="distinct" >
      distinct
    </if>
    <include refid="Base_Column_List" />
    from tb004
    <if test="_parameter != null" >
      <include refid="Example_Where_Clause" />
    </if>
    <if test="orderByClause != null" >
      order by ${orderByClause}
    </if>
  </select>
  <select id="selectByPrimaryKey" resultMap="BaseResultMap" parameterType="java.lang.Integer" >
    <!--
      WARNING - @mbggenerated
      This element is automatically generated by MyBatis Generator, do not modify.
      This element was generated on Sun Jun 26 14:03:07 CST 2022.
    -->
    select 
    <include refid="Base_Column_List" />
    from tb004
    where OP_NUM = #{opNum,jdbcType=INTEGER}
  </select>
  <delete id="deleteByPrimaryKey" parameterType="java.lang.Integer" >
    <!--
      WARNING - @mbggenerated
      This element is automatically generated by MyBatis Generator, do not modify.
      This element was generated on Sun Jun 26 14:03:07 CST 2022.
    -->
    delete from tb004
    where OP_NUM = #{opNum,jdbcType=INTEGER}
  </delete>
  <delete id="deleteByExample" parameterType="com.zhentou.mybatis.pojo.OperatorExample" >
    <!--
      WARNING - @mbggenerated
      This element is automatically generated by MyBatis Generator, do not modify.
      This element was generated on Sun Jun 26 14:03:07 CST 2022.
    -->
    delete from tb004
    <if test="_parameter != null" >
      <include refid="Example_Where_Clause" />
    </if>
  </delete>
  <insert id="insert" parameterType="com.zhentou.mybatis.pojo.Operator" >
    <!--
      WARNING - @mbggenerated
      This element is automatically generated by MyBatis Generator, do not modify.
      This element was generated on Sun Jun 26 14:03:07 CST 2022.
    -->
    insert into tb004 (OP_NUM, OP_NAME, OP_PASSWORD, 
      OP_STATUS)
    values (#{opNum,jdbcType=INTEGER}, #{opName,jdbcType=VARCHAR}, #{opPassword,jdbcType=VARCHAR}, 
      #{opStatus,jdbcType=CHAR})
  </insert>
  <insert id="insertSelective" parameterType="com.zhentou.mybatis.pojo.Operator" >
    <!--
      WARNING - @mbggenerated
      This element is automatically generated by MyBatis Generator, do not modify.
      This element was generated on Sun Jun 26 14:03:07 CST 2022.
    -->
    insert into tb004
    <trim prefix="(" suffix=")" suffixOverrides="," >
      <if test="opNum != null" >
        OP_NUM,
      </if>
      <if test="opName != null" >
        OP_NAME,
      </if>
      <if test="opPassword != null" >
        OP_PASSWORD,
      </if>
      <if test="opStatus != null" >
        OP_STATUS,
      </if>
    </trim>
    <trim prefix="values (" suffix=")" suffixOverrides="," >
      <if test="opNum != null" >
        #{opNum,jdbcType=INTEGER},
      </if>
      <if test="opName != null" >
        #{opName,jdbcType=VARCHAR},
      </if>
      <if test="opPassword != null" >
        #{opPassword,jdbcType=VARCHAR},
      </if>
      <if test="opStatus != null" >
        #{opStatus,jdbcType=CHAR},
      </if>
    </trim>
  </insert>
  <select id="countByExample" parameterType="com.zhentou.mybatis.pojo.OperatorExample" resultType="java.lang.Integer" >
    <!--
      WARNING - @mbggenerated
      This element is automatically generated by MyBatis Generator, do not modify.
      This element was generated on Sun Jun 26 14:03:07 CST 2022.
    -->
    select count(*) from tb004
    <if test="_parameter != null" >
      <include refid="Example_Where_Clause" />
    </if>
  </select>
  <update id="updateByExampleSelective" parameterType="map" >
    <!--
      WARNING - @mbggenerated
      This element is automatically generated by MyBatis Generator, do not modify.
      This element was generated on Sun Jun 26 14:03:07 CST 2022.
    -->
    update tb004
    <set >
      <if test="record.opNum != null" >
        OP_NUM = #{record.opNum,jdbcType=INTEGER},
      </if>
      <if test="record.opName != null" >
        OP_NAME = #{record.opName,jdbcType=VARCHAR},
      </if>
      <if test="record.opPassword != null" >
        OP_PASSWORD = #{record.opPassword,jdbcType=VARCHAR},
      </if>
      <if test="record.opStatus != null" >
        OP_STATUS = #{record.opStatus,jdbcType=CHAR},
      </if>
    </set>
    <if test="_parameter != null" >
      <include refid="Update_By_Example_Where_Clause" />
    </if>
  </update>
  <update id="updateByExample" parameterType="map" >
    <!--
      WARNING - @mbggenerated
      This element is automatically generated by MyBatis Generator, do not modify.
      This element was generated on Sun Jun 26 14:03:07 CST 2022.
    -->
    update tb004
    set OP_NUM = #{record.opNum,jdbcType=INTEGER},
      OP_NAME = #{record.opName,jdbcType=VARCHAR},
      OP_PASSWORD = #{record.opPassword,jdbcType=VARCHAR},
      OP_STATUS = #{record.opStatus,jdbcType=CHAR}
    <if test="_parameter != null" >
      <include refid="Update_By_Example_Where_Clause" />
    </if>
  </update>
  <update id="updateByPrimaryKeySelective" parameterType="com.zhentou.mybatis.pojo.Operator" >
    <!--
      WARNING - @mbggenerated
      This element is automatically generated by MyBatis Generator, do not modify.
      This element was generated on Sun Jun 26 14:03:07 CST 2022.
    -->
    update tb004
    <set >
      <if test="opName != null" >
        OP_NAME = #{opName,jdbcType=VARCHAR},
      </if>
      <if test="opPassword != null" >
        OP_PASSWORD = #{opPassword,jdbcType=VARCHAR},
      </if>
      <if test="opStatus != null" >
        OP_STATUS = #{opStatus,jdbcType=CHAR},
      </if>
    </set>
    where OP_NUM = #{opNum,jdbcType=INTEGER}
  </update>
  <update id="updateByPrimaryKey" parameterType="com.zhentou.mybatis.pojo.Operator" >
    <!--
      WARNING - @mbggenerated
      This element is automatically generated by MyBatis Generator, do not modify.
      This element was generated on Sun Jun 26 14:03:07 CST 2022.
    -->
    update tb004
    set OP_NAME = #{opName,jdbcType=VARCHAR},
      OP_PASSWORD = #{opPassword,jdbcType=VARCHAR},
      OP_STATUS = #{opStatus,jdbcType=CHAR}
    where OP_NUM = #{opNum,jdbcType=INTEGER}
  </update>
</mapper>