<?xml version="1.0" encoding="UTF-8" ?>
<!DOCTYPE mapper PUBLIC "-//mybatis.org//DTD Mapper 3.0//EN" "http://mybatis.org/dtd/mybatis-3-mapper.dtd" >
<mapper namespace="com.zhentou.mybatis.mapper.PersonalAccMapper" >
  <resultMap id="BaseResultMap" type="com.zhentou.mybatis.pojo.PersonalAcc" >
    <!--
      WARNING - @mbggenerated
      This element is automatically generated by MyBatis Generator, do not modify.
      This element was generated on Tue Jun 28 12:22:06 CST 2022.
    -->
    <id column="ACCNUM" property="accnum" jdbcType="CHAR" />
    <result column="ACCNAME" property="accname" jdbcType="VARCHAR" />
    <result column="IDCARD" property="idcard" jdbcType="VARCHAR" />
    <result column="UNITACCNUM" property="unitaccnum" jdbcType="CHAR" />
    <result column="OPENDATE" property="opendate" jdbcType="DATE" />
    <result column="BALANCE" property="balance" jdbcType="DOUBLE" />
    <result column="PERACCSTATE" property="peraccstate" jdbcType="CHAR" />
    <result column="BASENUMBER" property="basenumber" jdbcType="DOUBLE" />
    <result column="UNITPROP" property="unitprop" jdbcType="DOUBLE" />
    <result column="INDIPROP" property="indiprop" jdbcType="DOUBLE" />
    <result column="LASTPAYDATE" property="lastpaydate" jdbcType="DATE" />
    <result column="UNITMONPAYSUM" property="unitmonpaysum" jdbcType="DOUBLE" />
    <result column="PERMONPAYSUM" property="permonpaysum" jdbcType="DOUBLE" />
    <result column="YPAYAMT" property="ypayamt" jdbcType="DOUBLE" />
    <result column="YDRAWAMT" property="ydrawamt" jdbcType="DOUBLE" />
    <result column="YINTERESTBAL" property="yinterestbal" jdbcType="DOUBLE" />
    <result column="INSTCODE" property="instcode" jdbcType="CHAR" />
    <result column="OP" property="op" jdbcType="CHAR" />
    <result column="REMARK" property="remark" jdbcType="CHAR" />
  </resultMap>
  <sql id="Example_Where_Clause" >
    <!--
      WARNING - @mbggenerated
      This element is automatically generated by MyBatis Generator, do not modify.
      This element was generated on Tue Jun 28 12:22:06 CST 2022.
    -->
    <where >
      <foreach collection="oredCriteria" item="criteria" separator="or" >
        <if test="criteria.valid" >
          <trim prefix="(" suffix=")" prefixOverrides="and" >
            <foreach collection="criteria.criteria" item="criterion" >
              <choose >
                <when test="criterion.noValue" >
                  and ${criterion.condition}
                </when>
                <when test="criterion.singleValue" >
                  and ${criterion.condition} #{criterion.value}
                </when>
                <when test="criterion.betweenValue" >
                  and ${criterion.condition} #{criterion.value} and #{criterion.secondValue}
                </when>
                <when test="criterion.listValue" >
                  and ${criterion.condition}
                  <foreach collection="criterion.value" item="listItem" open="(" close=")" separator="," >
                    #{listItem}
                  </foreach>
                </when>
              </choose>
            </foreach>
          </trim>
        </if>
      </foreach>
    </where>
  </sql>
  <sql id="Update_By_Example_Where_Clause" >
    <!--
      WARNING - @mbggenerated
      This element is automatically generated by MyBatis Generator, do not modify.
      This element was generated on Tue Jun 28 12:22:06 CST 2022.
    -->
    <where >
      <foreach collection="example.oredCriteria" item="criteria" separator="or" >
        <if test="criteria.valid" >
          <trim prefix="(" suffix=")" prefixOverrides="and" >
            <foreach collection="criteria.criteria" item="criterion" >
              <choose >
                <when test="criterion.noValue" >
                  and ${criterion.condition}
                </when>
                <when test="criterion.singleValue" >
                  and ${criterion.condition} #{criterion.value}
                </when>
                <when test="criterion.betweenValue" >
                  and ${criterion.condition} #{criterion.value} and #{criterion.secondValue}
                </when>
                <when test="criterion.listValue" >
                  and ${criterion.condition}
                  <foreach collection="criterion.value" item="listItem" open="(" close=")" separator="," >
                    #{listItem}
                  </foreach>
                </when>
              </choose>
            </foreach>
          </trim>
        </if>
      </foreach>
    </where>
  </sql>
  <sql id="Base_Column_List" >
    <!--
      WARNING - @mbggenerated
      This element is automatically generated by MyBatis Generator, do not modify.
      This element was generated on Tue Jun 28 12:22:06 CST 2022.
    -->
    ACCNUM, ACCNAME, IDCARD, UNITACCNUM, OPENDATE, BALANCE, PERACCSTATE, BASENUMBER, 
    UNITPROP, INDIPROP, LASTPAYDATE, UNITMONPAYSUM, PERMONPAYSUM, YPAYAMT, YDRAWAMT, 
    YINTERESTBAL, INSTCODE, OP, REMARK
  </sql>
  <select id="selectByExample" resultMap="BaseResultMap" parameterType="com.zhentou.mybatis.pojo.PersonalAccExample" >
    <!--
      WARNING - @mbggenerated
      This element is automatically generated by MyBatis Generator, do not modify.
      This element was generated on Tue Jun 28 12:22:06 CST 2022.
    -->
    select
    <if test="distinct" >
      distinct
    </if>
    <include refid="Base_Column_List" />
    from tb003
    <if test="_parameter != null" >
      <include refid="Example_Where_Clause" />
    </if>
    <if test="orderByClause != null" >
      order by ${orderByClause}
    </if>
  </select>
  <select id="selectByPrimaryKey" resultMap="BaseResultMap" parameterType="java.lang.String" >
    <!--
      WARNING - @mbggenerated
      This element is automatically generated by MyBatis Generator, do not modify.
      This element was generated on Tue Jun 28 12:22:06 CST 2022.
    -->
    select 
    <include refid="Base_Column_List" />
    from tb003
    where ACCNUM = #{accnum,jdbcType=CHAR}
  </select>
  <delete id="deleteByPrimaryKey" parameterType="java.lang.String" >
    <!--
      WARNING - @mbggenerated
      This element is automatically generated by MyBatis Generator, do not modify.
      This element was generated on Tue Jun 28 12:22:06 CST 2022.
    -->
    delete from tb003
    where ACCNUM = #{accnum,jdbcType=CHAR}
  </delete>
  <delete id="deleteByExample" parameterType="com.zhentou.mybatis.pojo.PersonalAccExample" >
    <!--
      WARNING - @mbggenerated
      This element is automatically generated by MyBatis Generator, do not modify.
      This element was generated on Tue Jun 28 12:22:06 CST 2022.
    -->
    delete from tb003
    <if test="_parameter != null" >
      <include refid="Example_Where_Clause" />
    </if>
  </delete>
  <insert id="insert" parameterType="com.zhentou.mybatis.pojo.PersonalAcc" >
    <!--
      WARNING - @mbggenerated
      This element is automatically generated by MyBatis Generator, do not modify.
      This element was generated on Tue Jun 28 12:22:06 CST 2022.
    -->
    insert into tb003 (ACCNUM, ACCNAME, IDCARD, 
      UNITACCNUM, OPENDATE, BALANCE, 
      PERACCSTATE, BASENUMBER, UNITPROP, 
      INDIPROP, LASTPAYDATE, UNITMONPAYSUM, 
      PERMONPAYSUM, YPAYAMT, YDRAWAMT, 
      YINTERESTBAL, INSTCODE, OP, 
      REMARK)
    values (#{accnum,jdbcType=CHAR}, #{accname,jdbcType=VARCHAR}, #{idcard,jdbcType=VARCHAR}, 
      #{unitaccnum,jdbcType=CHAR}, #{opendate,jdbcType=DATE}, #{balance,jdbcType=DOUBLE}, 
      #{peraccstate,jdbcType=CHAR}, #{basenumber,jdbcType=DOUBLE}, #{unitprop,jdbcType=DOUBLE}, 
      #{indiprop,jdbcType=DOUBLE}, #{lastpaydate,jdbcType=DATE}, #{unitmonpaysum,jdbcType=DOUBLE}, 
      #{permonpaysum,jdbcType=DOUBLE}, #{ypayamt,jdbcType=DOUBLE}, #{ydrawamt,jdbcType=DOUBLE}, 
      #{yinterestbal,jdbcType=DOUBLE}, #{instcode,jdbcType=CHAR}, #{op,jdbcType=CHAR}, 
      #{remark,jdbcType=CHAR})
  </insert>
  <insert id="insertSelective" parameterType="com.zhentou.mybatis.pojo.PersonalAcc" >
    <!--
      WARNING - @mbggenerated
      This element is automatically generated by MyBatis Generator, do not modify.
      This element was generated on Tue Jun 28 12:22:06 CST 2022.
    -->
    insert into tb003
    <trim prefix="(" suffix=")" suffixOverrides="," >
      <if test="accnum != null" >
        ACCNUM,
      </if>
      <if test="accname != null" >
        ACCNAME,
      </if>
      <if test="idcard != null" >
        IDCARD,
      </if>
      <if test="unitaccnum != null" >
        UNITACCNUM,
      </if>
      <if test="opendate != null" >
        OPENDATE,
      </if>
      <if test="balance != null" >
        BALANCE,
      </if>
      <if test="peraccstate != null" >
        PERACCSTATE,
      </if>
      <if test="basenumber != null" >
        BASENUMBER,
      </if>
      <if test="unitprop != null" >
        UNITPROP,
      </if>
      <if test="indiprop != null" >
        INDIPROP,
      </if>
      <if test="lastpaydate != null" >
        LASTPAYDATE,
      </if>
      <if test="unitmonpaysum != null" >
        UNITMONPAYSUM,
      </if>
      <if test="permonpaysum != null" >
        PERMONPAYSUM,
      </if>
      <if test="ypayamt != null" >
        YPAYAMT,
      </if>
      <if test="ydrawamt != null" >
        YDRAWAMT,
      </if>
      <if test="yinterestbal != null" >
        YINTERESTBAL,
      </if>
      <if test="instcode != null" >
        INSTCODE,
      </if>
      <if test="op != null" >
        OP,
      </if>
      <if test="remark != null" >
        REMARK,
      </if>
    </trim>
    <trim prefix="values (" suffix=")" suffixOverrides="," >
      <if test="accnum != null" >
        #{accnum,jdbcType=CHAR},
      </if>
      <if test="accname != null" >
        #{accname,jdbcType=VARCHAR},
      </if>
      <if test="idcard != null" >
        #{idcard,jdbcType=VARCHAR},
      </if>
      <if test="unitaccnum != null" >
        #{unitaccnum,jdbcType=CHAR},
      </if>
      <if test="opendate != null" >
        #{opendate,jdbcType=DATE},
      </if>
      <if test="balance != null" >
        #{balance,jdbcType=DOUBLE},
      </if>
      <if test="peraccstate != null" >
        #{peraccstate,jdbcType=CHAR},
      </if>
      <if test="basenumber != null" >
        #{basenumber,jdbcType=DOUBLE},
      </if>
      <if test="unitprop != null" >
        #{unitprop,jdbcType=DOUBLE},
      </if>
      <if test="indiprop != null" >
        #{indiprop,jdbcType=DOUBLE},
      </if>
      <if test="lastpaydate != null" >
        #{lastpaydate,jdbcType=DATE},
      </if>
      <if test="unitmonpaysum != null" >
        #{unitmonpaysum,jdbcType=DOUBLE},
      </if>
      <if test="permonpaysum != null" >
        #{permonpaysum,jdbcType=DOUBLE},
      </if>
      <if test="ypayamt != null" >
        #{ypayamt,jdbcType=DOUBLE},
      </if>
      <if test="ydrawamt != null" >
        #{ydrawamt,jdbcType=DOUBLE},
      </if>
      <if test="yinterestbal != null" >
        #{yinterestbal,jdbcType=DOUBLE},
      </if>
      <if test="instcode != null" >
        #{instcode,jdbcType=CHAR},
      </if>
      <if test="op != null" >
        #{op,jdbcType=CHAR},
      </if>
      <if test="remark != null" >
        #{remark,jdbcType=CHAR},
      </if>
    </trim>
  </insert>
  <select id="countByExample" parameterType="com.zhentou.mybatis.pojo.PersonalAccExample" resultType="java.lang.Integer" >
    <!--
      WARNING - @mbggenerated
      This element is automatically generated by MyBatis Generator, do not modify.
      This element was generated on Tue Jun 28 12:22:06 CST 2022.
    -->
    select count(*) from tb003
    <if test="_parameter != null" >
      <include refid="Example_Where_Clause" />
    </if>
  </select>
  <update id="updateByExampleSelective" parameterType="map" >
    <!--
      WARNING - @mbggenerated
      This element is automatically generated by MyBatis Generator, do not modify.
      This element was generated on Tue Jun 28 12:22:06 CST 2022.
    -->
    update tb003
    <set >
      <if test="record.accnum != null" >
        ACCNUM = #{record.accnum,jdbcType=CHAR},
      </if>
      <if test="record.accname != null" >
        ACCNAME = #{record.accname,jdbcType=VARCHAR},
      </if>
      <if test="record.idcard != null" >
        IDCARD = #{record.idcard,jdbcType=VARCHAR},
      </if>
      <if test="record.unitaccnum != null" >
        UNITACCNUM = #{record.unitaccnum,jdbcType=CHAR},
      </if>
      <if test="record.opendate != null" >
        OPENDATE = #{record.opendate,jdbcType=DATE},
      </if>
      <if test="record.balance != null" >
        BALANCE = #{record.balance,jdbcType=DOUBLE},
      </if>
      <if test="record.peraccstate != null" >
        PERACCSTATE = #{record.peraccstate,jdbcType=CHAR},
      </if>
      <if test="record.basenumber != null" >
        BASENUMBER = #{record.basenumber,jdbcType=DOUBLE},
      </if>
      <if test="record.unitprop != null" >
        UNITPROP = #{record.unitprop,jdbcType=DOUBLE},
      </if>
      <if test="record.indiprop != null" >
        INDIPROP = #{record.indiprop,jdbcType=DOUBLE},
      </if>
      <if test="record.lastpaydate != null" >
        LASTPAYDATE = #{record.lastpaydate,jdbcType=DATE},
      </if>
      <if test="record.unitmonpaysum != null" >
        UNITMONPAYSUM = #{record.unitmonpaysum,jdbcType=DOUBLE},
      </if>
      <if test="record.permonpaysum != null" >
        PERMONPAYSUM = #{record.permonpaysum,jdbcType=DOUBLE},
      </if>
      <if test="record.ypayamt != null" >
        YPAYAMT = #{record.ypayamt,jdbcType=DOUBLE},
      </if>
      <if test="record.ydrawamt != null" >
        YDRAWAMT = #{record.ydrawamt,jdbcType=DOUBLE},
      </if>
      <if test="record.yinterestbal != null" >
        YINTERESTBAL = #{record.yinterestbal,jdbcType=DOUBLE},
      </if>
      <if test="record.instcode != null" >
        INSTCODE = #{record.instcode,jdbcType=CHAR},
      </if>
      <if test="record.op != null" >
        OP = #{record.op,jdbcType=CHAR},
      </if>
      <if test="record.remark != null" >
        REMARK = #{record.remark,jdbcType=CHAR},
      </if>
    </set>
    <if test="_parameter != null" >
      <include refid="Update_By_Example_Where_Clause" />
    </if>
  </update>
  <update id="updateByExample" parameterType="map" >
    <!--
      WARNING - @mbggenerated
      This element is automatically generated by MyBatis Generator, do not modify.
      This element was generated on Tue Jun 28 12:22:06 CST 2022.
    -->
    update tb003
    set ACCNUM = #{record.accnum,jdbcType=CHAR},
      ACCNAME = #{record.accname,jdbcType=VARCHAR},
      IDCARD = #{record.idcard,jdbcType=VARCHAR},
      UNITACCNUM = #{record.unitaccnum,jdbcType=CHAR},
      OPENDATE = #{record.opendate,jdbcType=DATE},
      BALANCE = #{record.balance,jdbcType=DOUBLE},
      PERACCSTATE = #{record.peraccstate,jdbcType=CHAR},
      BASENUMBER = #{record.basenumber,jdbcType=DOUBLE},
      UNITPROP = #{record.unitprop,jdbcType=DOUBLE},
      INDIPROP = #{record.indiprop,jdbcType=DOUBLE},
      LASTPAYDATE = #{record.lastpaydate,jdbcType=DATE},
      UNITMONPAYSUM = #{record.unitmonpaysum,jdbcType=DOUBLE},
      PERMONPAYSUM = #{record.permonpaysum,jdbcType=DOUBLE},
      YPAYAMT = #{record.ypayamt,jdbcType=DOUBLE},
      YDRAWAMT = #{record.ydrawamt,jdbcType=DOUBLE},
      YINTERESTBAL = #{record.yinterestbal,jdbcType=DOUBLE},
      INSTCODE = #{record.instcode,jdbcType=CHAR},
      OP = #{record.op,jdbcType=CHAR},
      REMARK = #{record.remark,jdbcType=CHAR}
    <if test="_parameter != null" >
      <include refid="Update_By_Example_Where_Clause" />
    </if>
  </update>
  <update id="updateByPrimaryKeySelective" parameterType="com.zhentou.mybatis.pojo.PersonalAcc" >
    <!--
      WARNING - @mbggenerated
      This element is automatically generated by MyBatis Generator, do not modify.
      This element was generated on Tue Jun 28 12:22:06 CST 2022.
    -->
    update tb003
    <set >
      <if test="accname != null" >
        ACCNAME = #{accname,jdbcType=VARCHAR},
      </if>
      <if test="idcard != null" >
        IDCARD = #{idcard,jdbcType=VARCHAR},
      </if>
      <if test="unitaccnum != null" >
        UNITACCNUM = #{unitaccnum,jdbcType=CHAR},
      </if>
      <if test="opendate != null" >
        OPENDATE = #{opendate,jdbcType=DATE},
      </if>
      <if test="balance != null" >
        BALANCE = #{balance,jdbcType=DOUBLE},
      </if>
      <if test="peraccstate != null" >
        PERACCSTATE = #{peraccstate,jdbcType=CHAR},
      </if>
      <if test="basenumber != null" >
        BASENUMBER = #{basenumber,jdbcType=DOUBLE},
      </if>
      <if test="unitprop != null" >
        UNITPROP = #{unitprop,jdbcType=DOUBLE},
      </if>
      <if test="indiprop != null" >
        INDIPROP = #{indiprop,jdbcType=DOUBLE},
      </if>
      <if test="lastpaydate != null" >
        LASTPAYDATE = #{lastpaydate,jdbcType=DATE},
      </if>
      <if test="unitmonpaysum != null" >
        UNITMONPAYSUM = #{unitmonpaysum,jdbcType=DOUBLE},
      </if>
      <if test="permonpaysum != null" >
        PERMONPAYSUM = #{permonpaysum,jdbcType=DOUBLE},
      </if>
      <if test="ypayamt != null" >
        YPAYAMT = #{ypayamt,jdbcType=DOUBLE},
      </if>
      <if test="ydrawamt != null" >
        YDRAWAMT = #{ydrawamt,jdbcType=DOUBLE},
      </if>
      <if test="yinterestbal != null" >
        YINTERESTBAL = #{yinterestbal,jdbcType=DOUBLE},
      </if>
      <if test="instcode != null" >
        INSTCODE = #{instcode,jdbcType=CHAR},
      </if>
      <if test="op != null" >
        OP = #{op,jdbcType=CHAR},
      </if>
      <if test="remark != null" >
        REMARK = #{remark,jdbcType=CHAR},
      </if>
    </set>
    where ACCNUM = #{accnum,jdbcType=CHAR}
  </update>
  <update id="updateByPrimaryKey" parameterType="com.zhentou.mybatis.pojo.PersonalAcc" >
    <!--
      WARNING - @mbggenerated
      This element is automatically generated by MyBatis Generator, do not modify.
      This element was generated on Tue Jun 28 12:22:06 CST 2022.
    -->
    update tb003
    set ACCNAME = #{accname,jdbcType=VARCHAR},
      IDCARD = #{idcard,jdbcType=VARCHAR},
      UNITACCNUM = #{unitaccnum,jdbcType=CHAR},
      OPENDATE = #{opendate,jdbcType=DATE},
      BALANCE = #{balance,jdbcType=DOUBLE},
      PERACCSTATE = #{peraccstate,jdbcType=CHAR},
      BASENUMBER = #{basenumber,jdbcType=DOUBLE},
      UNITPROP = #{unitprop,jdbcType=DOUBLE},
      INDIPROP = #{indiprop,jdbcType=DOUBLE},
      LASTPAYDATE = #{lastpaydate,jdbcType=DATE},
      UNITMONPAYSUM = #{unitmonpaysum,jdbcType=DOUBLE},
      PERMONPAYSUM = #{permonpaysum,jdbcType=DOUBLE},
      YPAYAMT = #{ypayamt,jdbcType=DOUBLE},
      YDRAWAMT = #{ydrawamt,jdbcType=DOUBLE},
      YINTERESTBAL = #{yinterestbal,jdbcType=DOUBLE},
      INSTCODE = #{instcode,jdbcType=CHAR},
      OP = #{op,jdbcType=CHAR},
      REMARK = #{remark,jdbcType=CHAR}
    where ACCNUM = #{accnum,jdbcType=CHAR}
  </update>

  <!--PersonalAcc selectBalance();-->
  <select id="selectBalance" resultMap="BaseResultMap">
    select sum(BALANCE) balance from tb003 where PERACCSTATE != '9'
  </select>

  <!--PersonalAcc selectBasenumber();-->
  <select id="selectBasenumber" resultMap="BaseResultMap">
    select sum(BASENUMBER) basenumber from tb003 where PERACCSTATE != '9'
  </select>

  <!--PersonalAcc selectUnitmonpaysum();-->
  <select id="selectUnitmonpaysum" resultMap="BaseResultMap">
    select sum(UNITMONPAYSUM) unitmonpaysum from tb003 where PERACCSTATE != '9'
  </select>

  <!--PersonalAcc selectPermonpaysum();-->
  <select id="selectPermonpaysum" resultMap="BaseResultMap">
    select sum(PERMONPAYSUM) permonpaysum from tb003 where PERACCSTATE != '9'
  </select>
</mapper>