<?xml version="1.0" encoding="UTF-8" ?>
<!DOCTYPE mapper PUBLIC "-//mybatis.org//DTD Mapper 3.0//EN" "http://mybatis.org/dtd/mybatis-3-mapper.dtd" >
<mapper namespace="com.zhentou.mybatis.mapper.SystemMapper" >
  <resultMap id="BaseResultMap" type="com.zhentou.mybatis.pojo.System" >
    <!--
      WARNING - @mbggenerated
      This element is automatically generated by MyBatis Generator, do not modify.
      This element was generated on Mon Jun 27 12:56:53 CST 2022.
    -->
    <result column="SEQNAME" property="seqname" jdbcType="CHAR" />
    <result column="SEQ" property="seq" jdbcType="INTEGER" />
    <result column="MAXSEQ" property="maxseq" jdbcType="INTEGER" />
    <result column="DESC_Script" property="descScript" jdbcType="CHAR" />
    <result column="FREEUSE1" property="freeuse1" jdbcType="CHAR" />
  </resultMap>
  <sql id="Example_Where_Clause" >
    <!--
      WARNING - @mbggenerated
      This element is automatically generated by MyBatis Generator, do not modify.
      This element was generated on Mon Jun 27 12:56:53 CST 2022.
    -->
    <where >
      <foreach collection="oredCriteria" item="criteria" separator="or" >
        <if test="criteria.valid" >
          <trim prefix="(" suffix=")" prefixOverrides="and" >
            <foreach collection="criteria.criteria" item="criterion" >
              <choose >
                <when test="criterion.noValue" >
                  and ${criterion.condition}
                </when>
                <when test="criterion.singleValue" >
                  and ${criterion.condition} #{criterion.value}
                </when>
                <when test="criterion.betweenValue" >
                  and ${criterion.condition} #{criterion.value} and #{criterion.secondValue}
                </when>
                <when test="criterion.listValue" >
                  and ${criterion.condition}
                  <foreach collection="criterion.value" item="listItem" open="(" close=")" separator="," >
                    #{listItem}
                  </foreach>
                </when>
              </choose>
            </foreach>
          </trim>
        </if>
      </foreach>
    </where>
  </sql>
  <sql id="Update_By_Example_Where_Clause" >
    <!--
      WARNING - @mbggenerated
      This element is automatically generated by MyBatis Generator, do not modify.
      This element was generated on Mon Jun 27 12:56:53 CST 2022.
    -->
    <where >
      <foreach collection="example.oredCriteria" item="criteria" separator="or" >
        <if test="criteria.valid" >
          <trim prefix="(" suffix=")" prefixOverrides="and" >
            <foreach collection="criteria.criteria" item="criterion" >
              <choose >
                <when test="criterion.noValue" >
                  and ${criterion.condition}
                </when>
                <when test="criterion.singleValue" >
                  and ${criterion.condition} #{criterion.value}
                </when>
                <when test="criterion.betweenValue" >
                  and ${criterion.condition} #{criterion.value} and #{criterion.secondValue}
                </when>
                <when test="criterion.listValue" >
                  and ${criterion.condition}
                  <foreach collection="criterion.value" item="listItem" open="(" close=")" separator="," >
                    #{listItem}
                  </foreach>
                </when>
              </choose>
            </foreach>
          </trim>
        </if>
      </foreach>
    </where>
  </sql>
  <sql id="Base_Column_List" >
    <!--
      WARNING - @mbggenerated
      This element is automatically generated by MyBatis Generator, do not modify.
      This element was generated on Mon Jun 27 12:56:53 CST 2022.
    -->
    SEQNAME, SEQ, MAXSEQ, DESC_Script, FREEUSE1
  </sql>
  <select id="selectByExample" resultMap="BaseResultMap" parameterType="com.zhentou.mybatis.pojo.SystemExample" >
    <!--
      WARNING - @mbggenerated
      This element is automatically generated by MyBatis Generator, do not modify.
      This element was generated on Mon Jun 27 12:56:53 CST 2022.
    -->
    select
    <if test="distinct" >
      distinct
    </if>
    <include refid="Base_Column_List" />
    from tb001
    <if test="_parameter != null" >
      <include refid="Example_Where_Clause" />
    </if>
    <if test="orderByClause != null" >
      order by ${orderByClause}
    </if>
  </select>
  <delete id="deleteByExample" parameterType="com.zhentou.mybatis.pojo.SystemExample" >
    <!--
      WARNING - @mbggenerated
      This element is automatically generated by MyBatis Generator, do not modify.
      This element was generated on Mon Jun 27 12:56:53 CST 2022.
    -->
    delete from tb001
    <if test="_parameter != null" >
      <include refid="Example_Where_Clause" />
    </if>
  </delete>
  <insert id="insert" parameterType="com.zhentou.mybatis.pojo.System" >
    <!--
      WARNING - @mbggenerated
      This element is automatically generated by MyBatis Generator, do not modify.
      This element was generated on Mon Jun 27 12:56:53 CST 2022.
    -->
    insert into tb001 (SEQNAME, SEQ, MAXSEQ, 
      DESC_Script, FREEUSE1)
    values (#{seqname,jdbcType=CHAR}, #{seq,jdbcType=INTEGER}, #{maxseq,jdbcType=INTEGER}, 
      #{descScript,jdbcType=CHAR}, #{freeuse1,jdbcType=CHAR})
  </insert>
  <insert id="insertSelective" parameterType="com.zhentou.mybatis.pojo.System" >
    <!--
      WARNING - @mbggenerated
      This element is automatically generated by MyBatis Generator, do not modify.
      This element was generated on Mon Jun 27 12:56:53 CST 2022.
    -->
    insert into tb001
    <trim prefix="(" suffix=")" suffixOverrides="," >
      <if test="seqname != null" >
        SEQNAME,
      </if>
      <if test="seq != null" >
        SEQ,
      </if>
      <if test="maxseq != null" >
        MAXSEQ,
      </if>
      <if test="descScript != null" >
        DESC_Script,
      </if>
      <if test="freeuse1 != null" >
        FREEUSE1,
      </if>
    </trim>
    <trim prefix="values (" suffix=")" suffixOverrides="," >
      <if test="seqname != null" >
        #{seqname,jdbcType=CHAR},
      </if>
      <if test="seq != null" >
        #{seq,jdbcType=INTEGER},
      </if>
      <if test="maxseq != null" >
        #{maxseq,jdbcType=INTEGER},
      </if>
      <if test="descScript != null" >
        #{descScript,jdbcType=CHAR},
      </if>
      <if test="freeuse1 != null" >
        #{freeuse1,jdbcType=CHAR},
      </if>
    </trim>
  </insert>
  <select id="countByExample" parameterType="com.zhentou.mybatis.pojo.SystemExample" resultType="java.lang.Integer" >
    <!--
      WARNING - @mbggenerated
      This element is automatically generated by MyBatis Generator, do not modify.
      This element was generated on Mon Jun 27 12:56:53 CST 2022.
    -->
    select count(*) from tb001
    <if test="_parameter != null" >
      <include refid="Example_Where_Clause" />
    </if>
  </select>
  <update id="updateByExampleSelective" parameterType="map" >
    <!--
      WARNING - @mbggenerated
      This element is automatically generated by MyBatis Generator, do not modify.
      This element was generated on Mon Jun 27 12:56:53 CST 2022.
    -->
    update tb001
    <set >
      <if test="record.seqname != null" >
        SEQNAME = #{record.seqname,jdbcType=CHAR},
      </if>
      <if test="record.seq != null" >
        SEQ = #{record.seq,jdbcType=INTEGER},
      </if>
      <if test="record.maxseq != null" >
        MAXSEQ = #{record.maxseq,jdbcType=INTEGER},
      </if>
      <if test="record.descScript != null" >
        DESC_Script = #{record.descScript,jdbcType=CHAR},
      </if>
      <if test="record.freeuse1 != null" >
        FREEUSE1 = #{record.freeuse1,jdbcType=CHAR},
      </if>
    </set>
    <if test="_parameter != null" >
      <include refid="Update_By_Example_Where_Clause" />
    </if>
  </update>
  <update id="updateByExample" parameterType="map" >
    <!--
      WARNING - @mbggenerated
      This element is automatically generated by MyBatis Generator, do not modify.
      This element was generated on Mon Jun 27 12:56:53 CST 2022.
    -->
    update tb001
    set SEQNAME = #{record.seqname,jdbcType=CHAR},
      SEQ = #{record.seq,jdbcType=INTEGER},
      MAXSEQ = #{record.maxseq,jdbcType=INTEGER},
      DESC_Script = #{record.descScript,jdbcType=CHAR},
      FREEUSE1 = #{record.freeuse1,jdbcType=CHAR}
    <if test="_parameter != null" >
      <include refid="Update_By_Example_Where_Clause" />
    </if>
  </update>

  <!--int findSeq(@Param("seq") System system);-->
  <select id="findSeq" resultMap="BaseResultMap">
    select seq from  tb001 where seqname = #{seqname};
  </select>
</mapper>