<?xml version="1.0" encoding="UTF-8" ?>
<!DOCTYPE mapper PUBLIC "-//mybatis.org//DTD Mapper 3.0//EN" "http://mybatis.org/dtd/mybatis-3-mapper.dtd" >
<mapper namespace="com.zhentou.mybatis.mapper.UnityAccMapper" >
  <resultMap id="BaseResultMap" type="com.zhentou.mybatis.pojo.UnityAcc" >
    <!--
      WARNING - @mbggenerated
      This element is automatically generated by MyBatis Generator, do not modify.
      This element was generated on Tue Jun 28 17:55:43 CST 2022.
    -->
    <id column="UNITACCNUM" property="unitaccnum" jdbcType="CHAR" />
    <result column="UNITACCNAME" property="unitaccname" jdbcType="CHAR" />
    <result column="UNITADDR" property="unitaddr" jdbcType="CHAR" />
    <result column="ORGCODE" property="orgcode" jdbcType="CHAR" />
    <result column="UNITCHAR" property="unitchar" jdbcType="CHAR" />
    <result column="UNITKIND" property="unitkind" jdbcType="CHAR" />
    <result column="SALARYDATE" property="salarydate" jdbcType="CHAR" />
    <result column="UNITPHONE" property="unitphone" jdbcType="CHAR" />
    <result column="UNITLINKMAN" property="unitlinkman" jdbcType="CHAR" />
    <result column="UNITAGENTPAPNO" property="unitagentpapno" jdbcType="CHAR" />
    <result column="ACCSTATE" property="accstate" jdbcType="CHAR" />
    <result column="BALANCE" property="balance" jdbcType="DOUBLE" />
    <result column="BASENUMBER" property="basenumber" jdbcType="DOUBLE" />
    <result column="UNITPROP" property="unitprop" jdbcType="DOUBLE" />
    <result column="PERPROP" property="perprop" jdbcType="DOUBLE" />
    <result column="UNITPAYSUM" property="unitpaysum" jdbcType="DOUBLE" />
    <result column="PERPAYSUM" property="perpaysum" jdbcType="DOUBLE" />
    <result column="PERSNUM" property="persnum" jdbcType="INTEGER" />
    <result column="LASTPAYDATE" property="lastpaydate" jdbcType="DATE" />
    <result column="INSTCODE" property="instcode" jdbcType="CHAR" />
    <result column="OP" property="op" jdbcType="CHAR" />
    <result column="CREATDATE" property="creatdate" jdbcType="DATE" />
    <result column="REMARK" property="remark" jdbcType="CHAR" />
  </resultMap>
  <sql id="Example_Where_Clause" >
    <!--
      WARNING - @mbggenerated
      This element is automatically generated by MyBatis Generator, do not modify.
      This element was generated on Tue Jun 28 17:55:43 CST 2022.
    -->
    <where >
      <foreach collection="oredCriteria" item="criteria" separator="or" >
        <if test="criteria.valid" >
          <trim prefix="(" suffix=")" prefixOverrides="and" >
            <foreach collection="criteria.criteria" item="criterion" >
              <choose >
                <when test="criterion.noValue" >
                  and ${criterion.condition}
                </when>
                <when test="criterion.singleValue" >
                  and ${criterion.condition} #{criterion.value}
                </when>
                <when test="criterion.betweenValue" >
                  and ${criterion.condition} #{criterion.value} and #{criterion.secondValue}
                </when>
                <when test="criterion.listValue" >
                  and ${criterion.condition}
                  <foreach collection="criterion.value" item="listItem" open="(" close=")" separator="," >
                    #{listItem}
                  </foreach>
                </when>
              </choose>
            </foreach>
          </trim>
        </if>
      </foreach>
    </where>
  </sql>
  <sql id="Update_By_Example_Where_Clause" >
    <!--
      WARNING - @mbggenerated
      This element is automatically generated by MyBatis Generator, do not modify.
      This element was generated on Tue Jun 28 17:55:43 CST 2022.
    -->
    <where >
      <foreach collection="example.oredCriteria" item="criteria" separator="or" >
        <if test="criteria.valid" >
          <trim prefix="(" suffix=")" prefixOverrides="and" >
            <foreach collection="criteria.criteria" item="criterion" >
              <choose >
                <when test="criterion.noValue" >
                  and ${criterion.condition}
                </when>
                <when test="criterion.singleValue" >
                  and ${criterion.condition} #{criterion.value}
                </when>
                <when test="criterion.betweenValue" >
                  and ${criterion.condition} #{criterion.value} and #{criterion.secondValue}
                </when>
                <when test="criterion.listValue" >
                  and ${criterion.condition}
                  <foreach collection="criterion.value" item="listItem" open="(" close=")" separator="," >
                    #{listItem}
                  </foreach>
                </when>
              </choose>
            </foreach>
          </trim>
        </if>
      </foreach>
    </where>
  </sql>
  <sql id="Base_Column_List" >
    <!--
      WARNING - @mbggenerated
      This element is automatically generated by MyBatis Generator, do not modify.
      This element was generated on Tue Jun 28 17:55:43 CST 2022.
    -->
    UNITACCNUM, UNITACCNAME, UNITADDR, ORGCODE, UNITCHAR, UNITKIND, SALARYDATE, UNITPHONE, 
    UNITLINKMAN, UNITAGENTPAPNO, ACCSTATE, BALANCE, BASENUMBER, UNITPROP, PERPROP, UNITPAYSUM, 
    PERPAYSUM, PERSNUM, LASTPAYDATE, INSTCODE, OP, CREATDATE, REMARK
  </sql>
  <select id="selectByExample" resultMap="BaseResultMap" parameterType="com.zhentou.mybatis.pojo.UnityAccExample" >
    <!--
      WARNING - @mbggenerated
      This element is automatically generated by MyBatis Generator, do not modify.
      This element was generated on Tue Jun 28 17:55:43 CST 2022.
    -->
    select
    <if test="distinct" >
      distinct
    </if>
    <include refid="Base_Column_List" />
    from tb002
    <if test="_parameter != null" >
      <include refid="Example_Where_Clause" />
    </if>
    <if test="orderByClause != null" >
      order by ${orderByClause}
    </if>
  </select>
  <select id="selectByPrimaryKey" resultMap="BaseResultMap" parameterType="java.lang.String" >
    <!--
      WARNING - @mbggenerated
      This element is automatically generated by MyBatis Generator, do not modify.
      This element was generated on Tue Jun 28 17:55:43 CST 2022.
    -->
    select 
    <include refid="Base_Column_List" />
    from tb002
    where UNITACCNUM = #{unitaccnum,jdbcType=CHAR}
  </select>
  <delete id="deleteByPrimaryKey" parameterType="java.lang.String" >
    <!--
      WARNING - @mbggenerated
      This element is automatically generated by MyBatis Generator, do not modify.
      This element was generated on Tue Jun 28 17:55:43 CST 2022.
    -->
    delete from tb002
    where UNITACCNUM = #{unitaccnum,jdbcType=CHAR}
  </delete>
  <delete id="deleteByExample" parameterType="com.zhentou.mybatis.pojo.UnityAccExample" >
    <!--
      WARNING - @mbggenerated
      This element is automatically generated by MyBatis Generator, do not modify.
      This element was generated on Tue Jun 28 17:55:43 CST 2022.
    -->
    delete from tb002
    <if test="_parameter != null" >
      <include refid="Example_Where_Clause" />
    </if>
  </delete>
  <insert id="insert" parameterType="com.zhentou.mybatis.pojo.UnityAcc" >
    <!--
      WARNING - @mbggenerated
      This element is automatically generated by MyBatis Generator, do not modify.
      This element was generated on Tue Jun 28 17:55:43 CST 2022.
    -->
    insert into tb002 (UNITACCNUM, UNITACCNAME, UNITADDR, 
      ORGCODE, UNITCHAR, UNITKIND, 
      SALARYDATE, UNITPHONE, UNITLINKMAN, 
      UNITAGENTPAPNO, ACCSTATE, BALANCE, 
      BASENUMBER, UNITPROP, PERPROP, 
      UNITPAYSUM, PERPAYSUM, PERSNUM, 
      LASTPAYDATE, INSTCODE, OP, CREATDATE, 
      REMARK)
    values (#{unitaccnum,jdbcType=CHAR}, #{unitaccname,jdbcType=CHAR}, #{unitaddr,jdbcType=CHAR}, 
      #{orgcode,jdbcType=CHAR}, #{unitchar,jdbcType=CHAR}, #{unitkind,jdbcType=CHAR}, 
      #{salarydate,jdbcType=CHAR}, #{unitphone,jdbcType=CHAR}, #{unitlinkman,jdbcType=CHAR}, 
      #{unitagentpapno,jdbcType=CHAR}, #{accstate,jdbcType=CHAR}, #{balance,jdbcType=DOUBLE}, 
      #{basenumber,jdbcType=DOUBLE}, #{unitprop,jdbcType=DOUBLE}, #{perprop,jdbcType=DOUBLE}, 
      #{unitpaysum,jdbcType=DOUBLE}, #{perpaysum,jdbcType=DOUBLE}, #{persnum,jdbcType=INTEGER}, 
      #{lastpaydate,jdbcType=DATE}, #{instcode,jdbcType=CHAR}, #{op,jdbcType=CHAR}, #{creatdate,jdbcType=DATE}, 
      #{remark,jdbcType=CHAR})
  </insert>
  <insert id="insertSelective" parameterType="com.zhentou.mybatis.pojo.UnityAcc" >
    <!--
      WARNING - @mbggenerated
      This element is automatically generated by MyBatis Generator, do not modify.
      This element was generated on Tue Jun 28 17:55:43 CST 2022.
    -->
    insert into tb002
    <trim prefix="(" suffix=")" suffixOverrides="," >
      <if test="unitaccnum != null" >
        UNITACCNUM,
      </if>
      <if test="unitaccname != null" >
        UNITACCNAME,
      </if>
      <if test="unitaddr != null" >
        UNITADDR,
      </if>
      <if test="orgcode != null" >
        ORGCODE,
      </if>
      <if test="unitchar != null" >
        UNITCHAR,
      </if>
      <if test="unitkind != null" >
        UNITKIND,
      </if>
      <if test="salarydate != null" >
        SALARYDATE,
      </if>
      <if test="unitphone != null" >
        UNITPHONE,
      </if>
      <if test="unitlinkman != null" >
        UNITLINKMAN,
      </if>
      <if test="unitagentpapno != null" >
        UNITAGENTPAPNO,
      </if>
      <if test="accstate != null" >
        ACCSTATE,
      </if>
      <if test="balance != null" >
        BALANCE,
      </if>
      <if test="basenumber != null" >
        BASENUMBER,
      </if>
      <if test="unitprop != null" >
        UNITPROP,
      </if>
      <if test="perprop != null" >
        PERPROP,
      </if>
      <if test="unitpaysum != null" >
        UNITPAYSUM,
      </if>
      <if test="perpaysum != null" >
        PERPAYSUM,
      </if>
      <if test="persnum != null" >
        PERSNUM,
      </if>
      <if test="lastpaydate != null" >
        LASTPAYDATE,
      </if>
      <if test="instcode != null" >
        INSTCODE,
      </if>
      <if test="op != null" >
        OP,
      </if>
      <if test="creatdate != null" >
        CREATDATE,
      </if>
      <if test="remark != null" >
        REMARK,
      </if>
    </trim>
    <trim prefix="values (" suffix=")" suffixOverrides="," >
      <if test="unitaccnum != null" >
        #{unitaccnum,jdbcType=CHAR},
      </if>
      <if test="unitaccname != null" >
        #{unitaccname,jdbcType=CHAR},
      </if>
      <if test="unitaddr != null" >
        #{unitaddr,jdbcType=CHAR},
      </if>
      <if test="orgcode != null" >
        #{orgcode,jdbcType=CHAR},
      </if>
      <if test="unitchar != null" >
        #{unitchar,jdbcType=CHAR},
      </if>
      <if test="unitkind != null" >
        #{unitkind,jdbcType=CHAR},
      </if>
      <if test="salarydate != null" >
        #{salarydate,jdbcType=CHAR},
      </if>
      <if test="unitphone != null" >
        #{unitphone,jdbcType=CHAR},
      </if>
      <if test="unitlinkman != null" >
        #{unitlinkman,jdbcType=CHAR},
      </if>
      <if test="unitagentpapno != null" >
        #{unitagentpapno,jdbcType=CHAR},
      </if>
      <if test="accstate != null" >
        #{accstate,jdbcType=CHAR},
      </if>
      <if test="balance != null" >
        #{balance,jdbcType=DOUBLE},
      </if>
      <if test="basenumber != null" >
        #{basenumber,jdbcType=DOUBLE},
      </if>
      <if test="unitprop != null" >
        #{unitprop,jdbcType=DOUBLE},
      </if>
      <if test="perprop != null" >
        #{perprop,jdbcType=DOUBLE},
      </if>
      <if test="unitpaysum != null" >
        #{unitpaysum,jdbcType=DOUBLE},
      </if>
      <if test="perpaysum != null" >
        #{perpaysum,jdbcType=DOUBLE},
      </if>
      <if test="persnum != null" >
        #{persnum,jdbcType=INTEGER},
      </if>
      <if test="lastpaydate != null" >
        #{lastpaydate,jdbcType=DATE},
      </if>
      <if test="instcode != null" >
        #{instcode,jdbcType=CHAR},
      </if>
      <if test="op != null" >
        #{op,jdbcType=CHAR},
      </if>
      <if test="creatdate != null" >
        #{creatdate,jdbcType=DATE},
      </if>
      <if test="remark != null" >
        #{remark,jdbcType=CHAR},
      </if>
    </trim>
  </insert>
  <select id="countByExample" parameterType="com.zhentou.mybatis.pojo.UnityAccExample" resultType="java.lang.Integer" >
    <!--
      WARNING - @mbggenerated
      This element is automatically generated by MyBatis Generator, do not modify.
      This element was generated on Tue Jun 28 17:55:43 CST 2022.
    -->
    select count(*) from tb002
    <if test="_parameter != null" >
      <include refid="Example_Where_Clause" />
    </if>
  </select>
  <update id="updateByExampleSelective" parameterType="map" >
    <!--
      WARNING - @mbggenerated
      This element is automatically generated by MyBatis Generator, do not modify.
      This element was generated on Tue Jun 28 17:55:43 CST 2022.
    -->
    update tb002
    <set >
      <if test="record.unitaccnum != null" >
        UNITACCNUM = #{record.unitaccnum,jdbcType=CHAR},
      </if>
      <if test="record.unitaccname != null" >
        UNITACCNAME = #{record.unitaccname,jdbcType=CHAR},
      </if>
      <if test="record.unitaddr != null" >
        UNITADDR = #{record.unitaddr,jdbcType=CHAR},
      </if>
      <if test="record.orgcode != null" >
        ORGCODE = #{record.orgcode,jdbcType=CHAR},
      </if>
      <if test="record.unitchar != null" >
        UNITCHAR = #{record.unitchar,jdbcType=CHAR},
      </if>
      <if test="record.unitkind != null" >
        UNITKIND = #{record.unitkind,jdbcType=CHAR},
      </if>
      <if test="record.salarydate != null" >
        SALARYDATE = #{record.salarydate,jdbcType=CHAR},
      </if>
      <if test="record.unitphone != null" >
        UNITPHONE = #{record.unitphone,jdbcType=CHAR},
      </if>
      <if test="record.unitlinkman != null" >
        UNITLINKMAN = #{record.unitlinkman,jdbcType=CHAR},
      </if>
      <if test="record.unitagentpapno != null" >
        UNITAGENTPAPNO = #{record.unitagentpapno,jdbcType=CHAR},
      </if>
      <if test="record.accstate != null" >
        ACCSTATE = #{record.accstate,jdbcType=CHAR},
      </if>
      <if test="record.balance != null" >
        BALANCE = #{record.balance,jdbcType=DOUBLE},
      </if>
      <if test="record.basenumber != null" >
        BASENUMBER = #{record.basenumber,jdbcType=DOUBLE},
      </if>
      <if test="record.unitprop != null" >
        UNITPROP = #{record.unitprop,jdbcType=DOUBLE},
      </if>
      <if test="record.perprop != null" >
        PERPROP = #{record.perprop,jdbcType=DOUBLE},
      </if>
      <if test="record.unitpaysum != null" >
        UNITPAYSUM = #{record.unitpaysum,jdbcType=DOUBLE},
      </if>
      <if test="record.perpaysum != null" >
        PERPAYSUM = #{record.perpaysum,jdbcType=DOUBLE},
      </if>
      <if test="record.persnum != null" >
        PERSNUM = #{record.persnum,jdbcType=INTEGER},
      </if>
      <if test="record.lastpaydate != null" >
        LASTPAYDATE = #{record.lastpaydate,jdbcType=DATE},
      </if>
      <if test="record.instcode != null" >
        INSTCODE = #{record.instcode,jdbcType=CHAR},
      </if>
      <if test="record.op != null" >
        OP = #{record.op,jdbcType=CHAR},
      </if>
      <if test="record.creatdate != null" >
        CREATDATE = #{record.creatdate,jdbcType=DATE},
      </if>
      <if test="record.remark != null" >
        REMARK = #{record.remark,jdbcType=CHAR},
      </if>
    </set>
    <if test="_parameter != null" >
      <include refid="Update_By_Example_Where_Clause" />
    </if>
  </update>
  <update id="updateByExample" parameterType="map" >
    <!--
      WARNING - @mbggenerated
      This element is automatically generated by MyBatis Generator, do not modify.
      This element was generated on Tue Jun 28 17:55:43 CST 2022.
    -->
    update tb002
    set UNITACCNUM = #{record.unitaccnum,jdbcType=CHAR},
      UNITACCNAME = #{record.unitaccname,jdbcType=CHAR},
      UNITADDR = #{record.unitaddr,jdbcType=CHAR},
      ORGCODE = #{record.orgcode,jdbcType=CHAR},
      UNITCHAR = #{record.unitchar,jdbcType=CHAR},
      UNITKIND = #{record.unitkind,jdbcType=CHAR},
      SALARYDATE = #{record.salarydate,jdbcType=CHAR},
      UNITPHONE = #{record.unitphone,jdbcType=CHAR},
      UNITLINKMAN = #{record.unitlinkman,jdbcType=CHAR},
      UNITAGENTPAPNO = #{record.unitagentpapno,jdbcType=CHAR},
      ACCSTATE = #{record.accstate,jdbcType=CHAR},
      BALANCE = #{record.balance,jdbcType=DOUBLE},
      BASENUMBER = #{record.basenumber,jdbcType=DOUBLE},
      UNITPROP = #{record.unitprop,jdbcType=DOUBLE},
      PERPROP = #{record.perprop,jdbcType=DOUBLE},
      UNITPAYSUM = #{record.unitpaysum,jdbcType=DOUBLE},
      PERPAYSUM = #{record.perpaysum,jdbcType=DOUBLE},
      PERSNUM = #{record.persnum,jdbcType=INTEGER},
      LASTPAYDATE = #{record.lastpaydate,jdbcType=DATE},
      INSTCODE = #{record.instcode,jdbcType=CHAR},
      OP = #{record.op,jdbcType=CHAR},
      CREATDATE = #{record.creatdate,jdbcType=DATE},
      REMARK = #{record.remark,jdbcType=CHAR}
    <if test="_parameter != null" >
      <include refid="Update_By_Example_Where_Clause" />
    </if>
  </update>
  <update id="updateByPrimaryKeySelective" parameterType="com.zhentou.mybatis.pojo.UnityAcc" >
    <!--
      WARNING - @mbggenerated
      This element is automatically generated by MyBatis Generator, do not modify.
      This element was generated on Tue Jun 28 17:55:43 CST 2022.
    -->
    update tb002
    <set >
      <if test="unitaccname != null" >
        UNITACCNAME = #{unitaccname,jdbcType=CHAR},
      </if>
      <if test="unitaddr != null" >
        UNITADDR = #{unitaddr,jdbcType=CHAR},
      </if>
      <if test="orgcode != null" >
        ORGCODE = #{orgcode,jdbcType=CHAR},
      </if>
      <if test="unitchar != null" >
        UNITCHAR = #{unitchar,jdbcType=CHAR},
      </if>
      <if test="unitkind != null" >
        UNITKIND = #{unitkind,jdbcType=CHAR},
      </if>
      <if test="salarydate != null" >
        SALARYDATE = #{salarydate,jdbcType=CHAR},
      </if>
      <if test="unitphone != null" >
        UNITPHONE = #{unitphone,jdbcType=CHAR},
      </if>
      <if test="unitlinkman != null" >
        UNITLINKMAN = #{unitlinkman,jdbcType=CHAR},
      </if>
      <if test="unitagentpapno != null" >
        UNITAGENTPAPNO = #{unitagentpapno,jdbcType=CHAR},
      </if>
      <if test="accstate != null" >
        ACCSTATE = #{accstate,jdbcType=CHAR},
      </if>
      <if test="balance != null" >
        BALANCE = #{balance,jdbcType=DOUBLE},
      </if>
      <if test="basenumber != null" >
        BASENUMBER = #{basenumber,jdbcType=DOUBLE},
      </if>
      <if test="unitprop != null" >
        UNITPROP = #{unitprop,jdbcType=DOUBLE},
      </if>
      <if test="perprop != null" >
        PERPROP = #{perprop,jdbcType=DOUBLE},
      </if>
      <if test="unitpaysum != null" >
        UNITPAYSUM = #{unitpaysum,jdbcType=DOUBLE},
      </if>
      <if test="perpaysum != null" >
        PERPAYSUM = #{perpaysum,jdbcType=DOUBLE},
      </if>
      <if test="persnum != null" >
        PERSNUM = #{persnum,jdbcType=INTEGER},
      </if>
      <if test="lastpaydate != null" >
        LASTPAYDATE = #{lastpaydate,jdbcType=DATE},
      </if>
      <if test="instcode != null" >
        INSTCODE = #{instcode,jdbcType=CHAR},
      </if>
      <if test="op != null" >
        OP = #{op,jdbcType=CHAR},
      </if>
      <if test="creatdate != null" >
        CREATDATE = #{creatdate,jdbcType=DATE},
      </if>
      <if test="remark != null" >
        REMARK = #{remark,jdbcType=CHAR},
      </if>
    </set>
    where UNITACCNUM = #{unitaccnum,jdbcType=CHAR}
  </update>
  <update id="updateByPrimaryKey" parameterType="com.zhentou.mybatis.pojo.UnityAcc" >
    <!--
      WARNING - @mbggenerated
      This element is automatically generated by MyBatis Generator, do not modify.
      This element was generated on Tue Jun 28 17:55:43 CST 2022.
    -->
    update tb002
    set UNITACCNAME = #{unitaccname,jdbcType=CHAR},
      UNITADDR = #{unitaddr,jdbcType=CHAR},
      ORGCODE = #{orgcode,jdbcType=CHAR},
      UNITCHAR = #{unitchar,jdbcType=CHAR},
      UNITKIND = #{unitkind,jdbcType=CHAR},
      SALARYDATE = #{salarydate,jdbcType=CHAR},
      UNITPHONE = #{unitphone,jdbcType=CHAR},
      UNITLINKMAN = #{unitlinkman,jdbcType=CHAR},
      UNITAGENTPAPNO = #{unitagentpapno,jdbcType=CHAR},
      ACCSTATE = #{accstate,jdbcType=CHAR},
      BALANCE = #{balance,jdbcType=DOUBLE},
      BASENUMBER = #{basenumber,jdbcType=DOUBLE},
      UNITPROP = #{unitprop,jdbcType=DOUBLE},
      PERPROP = #{perprop,jdbcType=DOUBLE},
      UNITPAYSUM = #{unitpaysum,jdbcType=DOUBLE},
      PERPAYSUM = #{perpaysum,jdbcType=DOUBLE},
      PERSNUM = #{persnum,jdbcType=INTEGER},
      LASTPAYDATE = #{lastpaydate,jdbcType=DATE},
      INSTCODE = #{instcode,jdbcType=CHAR},
      OP = #{op,jdbcType=CHAR},
      CREATDATE = #{creatdate,jdbcType=DATE},
      REMARK = #{remark,jdbcType=CHAR}
    where UNITACCNUM = #{unitaccnum,jdbcType=CHAR}
  </update>
</mapper>