<?xml version="1.0" encoding="UTF-8" ?>
<!DOCTYPE configuration
        PUBLIC "-//mybatis.org//DTD Config 3.0//EN"
        "http://mybatis.org/dtd/mybatis-3-config.dtd">
<configuration>

    <properties resource="jdbc.properties"></properties>

    <typeAliases>
        <package name="com.zhentou.mybatis.pojo"/>
    </typeAliases>

<!--    <plugins>-->
<!--        &lt;!&ndash; com.github.pagehelper为PageHelper类所在包名 &ndash;&gt;-->
<!--        <plugin interceptor="com.github.pagehelper.PageInterceptor">-->
<!--            &lt;!&ndash; 使用下面的方式配置参数，后面会有所有的参数介绍 &ndash;&gt;-->
<!--            <property name="param1" value="value1"/>-->
<!--        </plugin>-->
<!--    </plugins>-->

    <!--配置链接数据库的环境-->
    <environments default="development">
        <environment id="development">
            <!--事务管理器的类型-->
            <transactionManager type="JDBC"/>
            <!--使用数据库连接池-->
            <dataSource type="POOLED">
                <property name="driver" value="${jdbc.driver}"/>
                <property name="url" value="${jdbc.url}"/>
                <property name="username" value="${jdbc.username}"/>
                <property name="password" value="${jdbc.password}"/>
            </dataSource>
        </environment>
    </environments>
    <!--引入映射文件-->
    <mappers>
        <package name="com.zhentou.mybatis.mapper"/>
    </mappers>
</configuration>